<?xml version="1.0" encoding="utf-8"?>
<extension
	type="module"
	version="2.5"
	client="site">
	<name>mod_dispcustom</name>
	<author>Ricardo Carpintero - Soluciones Vigo</author>
	<creationDate>June 2015</creationDate>
	<copyright>Copyright (C) 2005 - 2014 Open Source Matters. All rights reserved.</copyright>
	<license>GNU General Public License version 2 or later; see LICENSE.txt</license>
	<authorEmail>info@solucionesvigo.es</authorEmail>
	<authorUrl>www.solucionesvigo.es</authorUrl>
	<version>1.0.0 Beta</version>
	<description>MOD_DISPCUSTOM_XML_DESCRIPTION</description>
	<files>
		<filename module="mod_dispcustom">mod_dispcustom.php</filename>
		<filename>helper.php</filename>
		<filename>index.html</filename>
		<filename>leeme.txt</filename>
		<folder>tmpl</folder>
		<folder>language</folder>
	</files>
	<languages>
		<language tag="en-GB">/language/en-GB/en-GB.mod_dispcustom.ini</language>
		<language tag="en-GB">/language/en-GB/en-GB.mod_dispcustom.sys.ini</language>
		<language tag="es-ES">/language/es-ES/es-ES.mod_dispcustom.ini</language>
		<language tag="es-ES">/language/es-ES/es-ES.mod_dispcustom.sys.ini</language>
	</languages>


	<config>
		
		<fields name="params">
			
			<fieldset name="basic">
				<field name="article_id" type="sql" label="Select an article" query="SELECT id AS value,title AS article_id, concat( id,':',title) AS IdTitulo FROM #__content ORDER BY title ASC" value_field="IdTitulo" /> 
				

				<field
					name="filtro"
					type="radio"
					label="MOD_DISPCUSTOM_FIELD_FILTRO_LABEL"
					description="MOD_DISPCUSTOM_FIELD_FILTRO_DESC"
					default="1">
					<option
						value="0">JNo</option>
					<option
						value="1">JYes</option>
				</field>
				
				<field name="sistemaoperativo" type="checkboxes" label="Sistemas Operativo">
					<option value="WIN">Windows</option>
					<option value="MACINTOSH">Macintosh</option>
					<option value="LINUX">Linux</option>
					<option value="ANDROID">Android</option>
					<option value="IPHONE">Iphone</option>
				</field>
				
				<field name="navegador" type="checkboxes" label="Navegador">
					<option value="IE">Explorer</option>
					<option value="CHROME">Chrome</option>
					<option value="FIREFOX">Mozilla</option>
					<option value="OPERA">Opera</option>
					<option value="SAFARI">Safari</option>

				</field>
	
				<field name="backgroundimage" type="media"
					label="MOD_DISPCUSTOM_FIELD_BACKGROUNDIMAGE_LABEL" description="MOD_BACKGROUNDIMAGE_FIELD_LOGO_DESC" />
			</fieldset>
			<fieldset
				name="advanced">
				<field
					name="layout"
					type="modulelayout"
					label="JFIELD_ALT_LAYOUT_LABEL"
					description="JFIELD_ALT_MODULE_LAYOUT_DESC" />

				<field
					name="moduleclass_sfx"
					type="text"
					label="COM_MODULES_FIELD_MODULECLASS_SFX_LABEL"
					description="COM_MODULES_FIELD_MODULECLASS_SFX_DESC" />

				<field
					name="cache"
					type="list"
					default="1"
					label="COM_MODULES_FIELD_CACHING_LABEL"
					description="COM_MODULES_FIELD_CACHING_DESC">
					<option
						value="1">JGLOBAL_USE_GLOBAL</option>
					<option
						value="0">COM_MODULES_FIELD_VALUE_NOCACHING</option>
				</field>

				<field
					name="cache_time"
					type="text"
					default="900"
					label="COM_MODULES_FIELD_CACHE_TIME_LABEL"
					description="COM_MODULES_FIELD_CACHE_TIME_DESC" />
				<field
					name="cachemode"
					type="hidden"
					default="static">
					<option
						value="static"></option>
				</field>
			</fieldset>
			
			
			
		</fields>
		
	</config>
</extension>
